"","items1_10","normalAroundTen"
"1",1,9.64313648035227
"2",2,10.4315008236429
"3",3,11.4200757373357
"4",4,10.9724067830294
"5",5,10.0198579041814
"6",6,8.90384698181702
"7",7,10.3726846223742
"8",8,10.1922556330535
"9",9,8.23580271827735
"10",10,11.6191629428777
